id,user_id,user_name,timestamp,message
b1e9bb83-18be-4b90-bbb8-83b7428e8e21,cd3a350e-dbd2-408f-afa0-16a072f56d23,Sophia Al-Farsi,2025-05-05T07:47:20.159073+00:00,Please book a private jet to Paris for this Friday.
609ba052-c9e7-49e6-8b62-061eb8785b63,e35ed60a-5190-4a5f-b3cd-74ced7519b4a,Fatima El-Tahir,2024-11-14T20:03:44.159235+00:00,Can you confirm my dinner reservation at The French Laundry for four people tonight?
44be0607-a918-40fa-a122-b2435fe54f3e,23103ae5-38a8-4d82-af82-e9942aa4aefb,Armand Dupont,2025-03-09T02:25:23.159256+00:00,I need two tickets to the opera in Milan this Saturday.
a1579c1b-7f25-4d92-b421-0982f8fbf566,5b2e7346-eef5-445d-a063-6c5267f04bf8,Hans Müller,2025-08-02T05:20:44.159269+00:00,Could you check why my recent payment hasn't been processed yet?
43d8a12e-4fdb-4c82-8a78-f7dfff583b9f,fc15e14c-f56f-4137-a7cd-797f90b61c93,Layla Kawaguchi,2025-04-10T06:52:16.159280+00:00,Please remember I prefer aisle seats during my flights.
d848fff4-b4e6-4111-8ba8-b5e33ca74d10,23103ae5-38a8-4d82-af82-e9942aa4aefb,Armand Dupont,2025-09-05T16:42:34.159290+00:00,Can you arrange a private yacht for a weekend in Monaco?
5e0c17ce-5b05-4fa5-a3fe-14c66c79e044,cd3a350e-dbd2-408f-afa0-16a072f56d23,Sophia Al-Farsi,2025-01-21T15:01:42.159300+00:00,I haven't received the itinerary for my upcoming trip—can you provide an update?
8aa3818a-2f58-41f0-b9c0-0e0b1af22f8a,cd3a350e-dbd2-408f-afa0-16a072f56d23,Sophia Al-Farsi,2025-10-07T14:13:39.159309+00:00,The concert tickets I received were perfect; thank you for arranging everything.
a5759130-9354-48cd-a398-949661844fcb,23103ae5-38a8-4d82-af82-e9942aa4aefb,Armand Dupont,2025-02-12T05:58:08.159318+00:00,Please update my profile with my new phone number: 555-349-7841.
4df0ad3b-d73a-45fa-81b5-29f803d54783,fc15e14c-f56f-4137-a7cd-797f90b61c93,Layla Kawaguchi,2025-05-19T13:34:32.159327+00:00,Book a villa in Santorini for the first week of December.
ccf3710f-a045-49ec-b245-0e855de8a645,e35ed60a-5190-4a5f-b3cd-74ced7519b4a,Fatima El-Tahir,2025-08-17T19:08:31.159336+00:00,I’d like a table for four at Eleven Madison Park on November 15.
0bcac9f4-8940-48dd-815e-f6542bd22df0,23103ae5-38a8-4d82-af82-e9942aa4aefb,Armand Dupont,2025-10-22T05:23:57.159345+00:00,Can you get me three VIP passes for the film premiere next weekend?
824dbe11-5d3f-4a6c-9e0c-0a3758fe4463,cd3a350e-dbd2-408f-afa0-16a072f56d23,Sophia Al-Farsi,2025-08-30T20:20:03.159354+00:00,"I suspect overcharge in the latest invoice, could you please review it?"
71a0725f-42ab-40dc-b36e-4ec3bd55416b,e35ed60a-5190-4a5f-b3cd-74ced7519b4a,Fatima El-Tahir,2025-10-08T19:38:57.159363+00:00,Please note I have a smoking preference for hotel rooms.
20fbe9eb-b8ed-4267-90d4-30aad3b57434,a1ac663a-277a-4782-a0ba-7efdca8ae2ee,Amina Van Den Berg,2025-08-21T21:13:54.159371+00:00,I'm looking for a tailor to make some custom suits in New York.
31641efd-6ad6-45e4-8739-b440994ad834,cd3a350e-dbd2-408f-afa0-16a072f56d23,Sophia Al-Farsi,2025-01-13T11:31:25.159380+00:00,I didn't receive a confirmation email for the spa appointment—has it been booked?
f57ec441-4c48-4583-b087-7c8a11e4da0c,130f1fb9-2ddf-4049-ad0e-9a270f0cb561,Vikram Desai,2024-12-14T12:15:46.159388+00:00,Thanks for arranging the last-minute trip to Tokyo—it was fantastic!
016eb934-d8b0-4d8e-b767-ef884fdf3625,1a4b66ec-2fe6-46d8-9d6e-a81ec06bc5c5,Lily O'Sullivan,2025-07-28T14:20:50.159398+00:00,I need my frequent flyer number updated: 123456789.
e1668cb4-e3c9-4aaf-ab21-44d277338116,5965bb48-a1d3-40d6-a746-c049d983bc76,Lorenzo Cavalli,2025-04-27T13:05:47.159407+00:00,Could you arrange a private tour of the Vatican for our visit next month?
4b5a25df-9bdc-47e6-995f-ef64884abd6e,5965bb48-a1d3-40d6-a746-c049d983bc76,Lorenzo Cavalli,2025-09-16T21:00:01.159416+00:00,Please reserve a table for two at Nobu on Thursday.
760ffeeb-ec52-47fe-a793-5f254e56ef66,5b2e7346-eef5-445d-a063-6c5267f04bf8,Hans Müller,2025-03-01T19:02:12.159425+00:00,I need four front-row seats for the game on November 20.
d62d899f-aa86-4ad2-8ae8-b01c0d3fcbaf,5b2e7346-eef5-445d-a063-6c5267f04bf8,Hans Müller,2025-08-12T12:22:24.159458+00:00,There's an issue with my membership renewal transaction; could you investigate?
8ed571fa-3d95-47a4-a76a-019d975b2000,e35ed60a-5190-4a5f-b3cd-74ced7519b4a,Fatima El-Tahir,2025-02-01T09:30:24.159468+00:00,I prefer low-scent amenities in the rooms I stay—please ensure this next time.
9f279410-c039-41c2-9e62-938d6b6f1ec7,23103ae5-38a8-4d82-af82-e9942aa4aefb,Armand Dupont,2025-06-12T07:38:26.159476+00:00,I'd love a personal recommendation for an art collector in Paris.
ac8c4902-ad87-4020-9f09-1c21815547a3,1a4b66ec-2fe6-46d8-9d6e-a81ec06bc5c5,Lily O'Sullivan,2025-06-30T18:31:58.159485+00:00,Can you follow up on the status of my luggage delivery from my last trip?
9a97c307-3800-4824-b896-af8ff8acbbdd,23103ae5-38a8-4d82-af82-e9942aa4aefb,Armand Dupont,2025-11-01T02:05:18.159494+00:00,The accommodations in Bali exceeded my expectations—excellent choice!
2657d83e-4996-46e6-8e0f-fef5cd4e41dc,130f1fb9-2ddf-4049-ad0e-9a270f0cb561,Vikram Desai,2025-04-28T14:07:40.159503+00:00,Please amend my profile to reflect my new office address: 742 Evergreen Terrace.
4c91c1d3-62d0-43cf-9c61-ddbd1039e313,130f1fb9-2ddf-4049-ad0e-9a270f0cb561,Vikram Desai,2025-05-11T08:47:13.159511+00:00,I’d like to fly to Tokyo first class on Wednesday.
bde293ff-ff8a-45ff-96d7-f055c8a1bac0,5b2e7346-eef5-445d-a063-6c5267f04bf8,Hans Müller,2025-03-23T03:13:43.159525+00:00,Could you get me a reservation at Osteria Francescana for four?
01c5f4be-1f83-4a5b-bfd4-2f97f0328b42,e35ed60a-5190-4a5f-b3cd-74ced7519b4a,Fatima El-Tahir,2025-07-11T03:33:23.159534+00:00,Book two VIP tickets to the Broadway show on December 3rd.
fe691ce0-bc0f-42f2-9ff7-e00fe16c386e,cd3a350e-dbd2-408f-afa0-16a072f56d23,Sophia Al-Farsi,2025-01-13T05:03:47.159543+00:00,I noticed a charge I don't recognize on my bill; could you clarify it?
2d9ecdd3-7b09-45b2-8408-3f5a16ca48fd,cd3a350e-dbd2-408f-afa0-16a072f56d23,Sophia Al-Farsi,2025-04-13T11:07:24.159551+00:00,Make sure my hotel room comes with hypoallergenic pillows as usual.
bcc48b18-fa2f-4012-8fe6-40b0525b9e3a,5965bb48-a1d3-40d6-a746-c049d983bc76,Lorenzo Cavalli,2025-02-11T22:20:24.159559+00:00,Arrange a private chef for a dinner at my chalet in Aspen.
cc3372a0-b432-4341-adb2-69b019b75504,6b6dc782-f40c-4224-b5d8-198a9070b097,Thiago Monteiro,2025-04-13T11:11:12.159568+00:00,Can you check on the progress of my visa approval for the UK trip?
66a1f601-3e63-4198-a9f6-d026855bef7b,130f1fb9-2ddf-4049-ad0e-9a270f0cb561,Vikram Desai,2025-10-13T01:33:21.159682+00:00,The car service was impeccable—thank you for your recommendation.
74d048b4-ab46-4a4f-a646-252a8825ac1f,6b6dc782-f40c-4224-b5d8-198a9070b097,Thiago Monteiro,2025-02-16T12:53:17.159703+00:00,Please update my account with my new credit card number ending in 9012.
1bfa45c3-9f57-4ae1-82c3-540749b1a476,1a4b66ec-2fe6-46d8-9d6e-a81ec06bc5c5,Lily O'Sullivan,2025-01-09T06:09:51.159714+00:00,I'd like to schedule a business class flight to New York City next Monday.
e3978245-3ad9-409d-ac95-27d322bd7f51,130f1fb9-2ddf-4049-ad0e-9a270f0cb561,Vikram Desai,2025-07-31T23:22:15.159724+00:00,Reserve a table at The Ivy for dinner tomorrow.
8273c333-8cc4-4b61-a39e-0d33544fe4cf,6b6dc782-f40c-4224-b5d8-198a9070b097,Thiago Monteiro,2025-01-30T22:19:56.159732+00:00,Please secure two tickets to the charity gala next week.
a9ba0689-40ae-4745-939d-6b9db25b784d,cd3a350e-dbd2-408f-afa0-16a072f56d23,Sophia Al-Farsi,2025-10-11T19:16:44.159741+00:00,"My recent booking hasn't been reflected in my statement, kindly assist."
c9b16f4b-19fa-4d17-a98a-6e4f8acbaf10,5b2e7346-eef5-445d-a063-6c5267f04bf8,Hans Müller,2025-02-05T06:12:24.159750+00:00,Remember that I have a preference for quiet hotel rooms.
5436cfe8-c7ad-4d3b-a065-7558446c9629,5965bb48-a1d3-40d6-a746-c049d983bc76,Lorenzo Cavalli,2025-10-25T09:42:35.159759+00:00,Looking for a personal shopper in Milan—any suggestions?
aeceaad5-7dae-48b0-b369-66eef644c8ae,6b6dc782-f40c-4224-b5d8-198a9070b097,Thiago Monteiro,2025-02-24T13:27:30.159767+00:00,Have you managed to confirm my reservation at the Ritz for next month?
47b84061-32cd-43c7-9839-e9a20ef7e31d,130f1fb9-2ddf-4049-ad0e-9a270f0cb561,Vikram Desai,2025-01-04T06:28:35.159776+00:00,Thank you for arranging the seamless connection in Singapore.
904db549-af75-43ce-ae3e-ae4baf8541d1,fc15e14c-f56f-4137-a7cd-797f90b61c93,Layla Kawaguchi,2025-09-09T11:42:25.159784+00:00,Please update my mobile number to 987-654-3210.
66da2dcc-c1f5-49dd-aff1-6e4ab914b1a9,e35ed60a-5190-4a5f-b3cd-74ced7519b4a,Fatima El-Tahir,2025-04-11T19:29:45.159792+00:00,Could you find a luxury villa in the South of France for the summer?
0d89f24f-1605-42cd-abfe-19537b085e84,5b2e7346-eef5-445d-a063-6c5267f04bf8,Hans Müller,2025-10-14T09:59:46.159800+00:00,Book a dinner reservation for eight at Blue Hill for this Friday.
45ce724d-2de3-4d2f-86b9-5f550c9f667a,fc15e14c-f56f-4137-a7cd-797f90b61c93,Layla Kawaguchi,2025-06-02T04:34:16.159809+00:00,I need orchestra seats for the symphony on November 25.
b9d97bcd-98c5-4ef5-b313-e6be592b21e3,1a4b66ec-2fe6-46d8-9d6e-a81ec06bc5c5,Lily O'Sullivan,2025-09-10T14:40:50.159818+00:00,There's a discrepancy in my room charges from the last trip; can you resolve it?
be263513-e39d-4cf8-9d61-d63afad1830e,cd3a350e-dbd2-408f-afa0-16a072f56d23,Sophia Al-Farsi,2025-01-21T14:55:45.159826+00:00,"I would like locally sourced, organic meals during my stays."
40cbd126-87e7-4a23-8a1f-2cf19c5e3f11,130f1fb9-2ddf-4049-ad0e-9a270f0cb561,Vikram Desai,2024-11-22T16:47:11.159835+00:00,Arrange a private viewing at the Louvre for my next visit.
e891b5e9-3168-4cbc-90fe-081865d1a732,5b2e7346-eef5-445d-a063-6c5267f04bf8,Hans Müller,2025-09-13T14:54:32.159843+00:00,Please confirm my chauffeur for the trip to Cannes.
2daa6541-7dec-4522-925e-9b6a26f60e22,cd3a350e-dbd2-408f-afa0-16a072f56d23,Sophia Al-Farsi,2025-08-21T11:41:43.159852+00:00,The hotel you recommended was out of this world—perfect choice for our anniversary.
32c3ee74-0e65-44c8-a1c6-5ec134043e75,1a4b66ec-2fe6-46d8-9d6e-a81ec06bc5c5,Lily O'Sullivan,2025-02-23T10:51:57.159867+00:00,My new fax number is 431-555-2363 please update your records.
a7ade0fe-bcd2-4783-bf13-db02f4c19b99,a1ac663a-277a-4782-a0ba-7efdca8ae2ee,Amina Van Den Berg,2025-06-20T14:00:57.159877+00:00,I need a luxury sedan for tomorrow’s airport transfer.
154ffc4d-e0ef-4fd3-b5b0-dcb14c4e496c,fc15e14c-f56f-4137-a7cd-797f90b61c93,Layla Kawaguchi,2025-06-03T07:40:44.159885+00:00,Secure a dinner reservation at Le Bernardin for my family of five.
478c3d8e-353d-487c-80b7-b551e6b0ba4f,5965bb48-a1d3-40d6-a746-c049d983bc76,Lorenzo Cavalli,2025-01-14T11:54:06.159894+00:00,Could you arrange front-row seats for the fashion show next month?
c83a4be2-901b-4760-a552-cdd2921adc1b,5b2e7346-eef5-445d-a063-6c5267f04bf8,Hans Müller,2025-04-03T05:03:17.159902+00:00,Please look into a delay in processing my annual membership fee.
3c3567b8-7d8b-4ce2-80e1-fe84cc23da3e,6b6dc782-f40c-4224-b5d8-198a9070b097,Thiago Monteiro,2025-09-17T17:11:04.159911+00:00,I have a strong preference for eco-friendly travel options.
9982eca4-52b3-4ee0-a97f-b9431ef87ace,23103ae5-38a8-4d82-af82-e9942aa4aefb,Armand Dupont,2025-07-19T10:26:08.159919+00:00,Could you assist with sourcing a rare book for my collection?
566ba08f-9ee7-4460-af91-191e4584413e,cd3a350e-dbd2-408f-afa0-16a072f56d23,Sophia Al-Farsi,2025-07-29T10:00:42.159928+00:00,Can you provide an update on the spa package I requested last week?
fbd5787f-fa14-41c9-bd10-b2d57cae81d2,e35ed60a-5190-4a5f-b3cd-74ced7519b4a,Fatima El-Tahir,2025-05-20T18:10:09.159936+00:00,Many thanks for the excellent concierge service during my stay in Dubai.
dc6d45e9-59f8-47c4-886d-43a35c268ab4,a1ac663a-277a-4782-a0ba-7efdca8ae2ee,Amina Van Den Berg,2025-04-09T14:39:10.159944+00:00,Please change my emergency contact number to 312-555-6793.
288da923-c70e-4ea5-b534-496069d767be,1a4b66ec-2fe6-46d8-9d6e-a81ec06bc5c5,Lily O'Sullivan,2025-08-05T12:42:49.159953+00:00,I need a suite with a city view in Hong Kong next week.
2cf191f1-328d-4a11-aca8-5f62fecacb9d,e35ed60a-5190-4a5f-b3cd-74ced7519b4a,Fatima El-Tahir,2024-11-28T07:11:53.159961+00:00,Reserve a private dining room for ten at Gaggan in Bangkok.
caa60ef6-ca04-4f78-90ad-66e170f8d2fb,1a4b66ec-2fe6-46d8-9d6e-a81ec06bc5c5,Lily O'Sullivan,2025-09-27T12:26:45.159971+00:00,I’d like two premiere tickets to the Met for November 22.
211dd956-c2cd-41a4-b65c-e943cf58d05c,e35ed60a-5190-4a5f-b3cd-74ced7519b4a,Fatima El-Tahir,2025-01-23T05:49:45.159980+00:00,There's been a mix-up with my billing address; could you correct it?
f35b31e4-47a8-4447-b955-d79667591eac,e35ed60a-5190-4a5f-b3cd-74ced7519b4a,Fatima El-Tahir,2025-06-10T02:34:28.159988+00:00,Customize my minibar selections with low-sugar snacks next time.
0060aaba-1f5d-4024-b86a-b6cbcfaca9d1,1a4b66ec-2fe6-46d8-9d6e-a81ec06bc5c5,Lily O'Sullivan,2025-02-09T00:20:03.159996+00:00,Can you arrange for a personal trainer during my stay in Rio?
dfb160fc-7da5-4b7b-ac4e-8a9d90a2989c,a1ac663a-277a-4782-a0ba-7efdca8ae2ee,Amina Van Den Berg,2025-08-22T20:20:53.160005+00:00,Did you get any confirmation for my conference registration?
efc8cb89-677c-444c-8530-78f709678e32,5b2e7346-eef5-445d-a063-6c5267f04bf8,Hans Müller,2024-12-01T14:22:41.160046+00:00,"The flight moved without a hitch, just how I like it."
a3e8ff01-4bdb-4d4b-9589-d0dbf6f80e51,1a4b66ec-2fe6-46d8-9d6e-a81ec06bc5c5,Lily O'Sullivan,2025-09-22T19:18:38.160060+00:00,My brother's new number is 447-555-8823; update my contact list.
af90402c-0c22-43af-a9cc-744c3c67261f,fc15e14c-f56f-4137-a7cd-797f90b61c93,Layla Kawaguchi,2025-04-03T03:42:01.160081+00:00,I require a chauffeured limo for a business meeting next Tuesday.
0f55db82-d44b-4caf-89c6-0b2292f06daa,5965bb48-a1d3-40d6-a746-c049d983bc76,Lorenzo Cavalli,2025-11-01T22:41:44.160104+00:00,Book a romantic dinner for two at The Fat Duck on Saturday.
c0c77206-54e5-4945-9045-5bb38a84ddae,5b2e7346-eef5-445d-a063-6c5267f04bf8,Hans Müller,2025-05-22T18:21:13.160125+00:00,Acquire four passes for the TED Conference in February.
0111a0fe-545b-4d89-89e3-0dc3d0329e72,130f1fb9-2ddf-4049-ad0e-9a270f0cb561,Vikram Desai,2025-10-13T19:59:58.160158+00:00,Check into a stalled payment for my Switzerland hotel stay this summer.
eb89b207-dbde-48e1-adac-14139aa3c0ed,e35ed60a-5190-4a5f-b3cd-74ced7519b4a,Fatima El-Tahir,2024-12-08T14:38:15.160182+00:00,I prefer sea view rooms at coastal destinations.
da6875e8-2742-4f4c-9643-f9e921a12dff,fc15e14c-f56f-4137-a7cd-797f90b61c93,Layla Kawaguchi,2025-04-06T08:19:25.160206+00:00,Need assistance finding a property manager in the Bahamas.
2f1f6ba8-a26c-4911-b0f6-896139b812ed,cd3a350e-dbd2-408f-afa0-16a072f56d23,Sophia Al-Farsi,2025-07-14T18:43:45.160228+00:00,Have we received the passes for the polo match this weekend?
d1219486-339d-42d4-ad72-c8be1fd0483d,fc15e14c-f56f-4137-a7cd-797f90b61c93,Layla Kawaguchi,2025-04-20T04:30:23.160255+00:00,Thank you for the comprehensive itinerary you prepared for our Thailand vacation.
b34bd248-66b9-4eda-b8ef-9238e24f03bc,23103ae5-38a8-4d82-af82-e9942aa4aefb,Armand Dupont,2025-01-16T08:11:28.160276+00:00,Please amend my account with my HNW membership number: 001-235-789.
c49ab4ea-c417-4348-ac4d-d538edcc565e,5b2e7346-eef5-445d-a063-6c5267f04bf8,Hans Müller,2024-12-24T08:13:22.160298+00:00,I’m flying to San Francisco—book the first class for two on November 10.
32b10b51-b604-4b02-886f-6b1ac907d28e,cd3a350e-dbd2-408f-afa0-16a072f56d23,Sophia Al-Farsi,2025-06-26T13:59:10.160319+00:00,Please reserve a rooftop table at Catch LA for tonight.
a4348518-948c-4976-bab8-9c039f96a908,e35ed60a-5190-4a5f-b3cd-74ced7519b4a,Fatima El-Tahir,2025-03-02T13:49:27.160341+00:00,I need special access tickets for the UEFA final next month.
3953950d-4363-4e24-875c-760e74c07e56,a1ac663a-277a-4782-a0ba-7efdca8ae2ee,Amina Van Den Berg,2025-05-07T08:36:33.160359+00:00,I think an unauthorized amount was charged to my card—can you help resolve this?
f42654b6-eae2-4bb9-8ae7-a09ccaecf780,6b6dc782-f40c-4224-b5d8-198a9070b097,Thiago Monteiro,2025-04-17T06:15:21.160371+00:00,I always need early check-in arrangements made in advance.
93261197-924d-4744-84c9-b299eecab19a,e35ed60a-5190-4a5f-b3cd-74ced7519b4a,Fatima El-Tahir,2025-03-27T06:01:58.160383+00:00,Looking to connect with a reputable antiques dealer in London.
c84b1706-5cc6-45b3-aa7e-3b6d83ad0bce,cd3a350e-dbd2-408f-afa0-16a072f56d23,Sophia Al-Farsi,2025-09-25T14:43:13.160395+00:00,Could you confirm the spa appointment for next Tuesday?
7ccbf405-3680-4a58-b07e-d02f0a59ca79,fc15e14c-f56f-4137-a7cd-797f90b61c93,Layla Kawaguchi,2025-06-28T21:01:55.160407+00:00,My gratitude for the flawless arrangements during the Cannes Film Festival.
54f737b8-a0dc-4d89-aa08-36edd0438273,cd3a350e-dbd2-408f-afa0-16a072f56d23,Sophia Al-Farsi,2025-11-03T21:22:29.160419+00:00,My direct line at work is 212-555-6051; kindly update your records.
d3ad5828-6af3-4e8a-9cc6-c2dd6fac6d76,1a4b66ec-2fe6-46d8-9d6e-a81ec06bc5c5,Lily O'Sullivan,2025-03-28T18:20:18.160434+00:00,Please book a penthouse room at The Peninsula in May.
32ec7ac1-f649-4245-a8ce-c5a7119ea808,fc15e14c-f56f-4137-a7cd-797f90b61c93,Layla Kawaguchi,2025-09-27T17:26:17.160446+00:00,Secure a reservation at the chef’s table for six at Alinea.
9d4b9c82-f13a-4f53-b679-729f756177b7,e35ed60a-5190-4a5f-b3cd-74ced7519b4a,Fatima El-Tahir,2025-08-18T12:35:31.160458+00:00,Get me front-row seats for the ballet performance on December 9.
68c2d119-89df-41f5-943e-d5dba3c37978,e35ed60a-5190-4a5f-b3cd-74ced7519b4a,Fatima El-Tahir,2024-12-22T10:48:08.160470+00:00,"There's a delay in processing my loyalty points, please inquire about this."
0ccffd0a-8160-4fc9-83f4-93ff5c4f76f9,5965bb48-a1d3-40d6-a746-c049d983bc76,Lorenzo Cavalli,2025-06-21T23:14:55.160482+00:00,My preference leans towards suites with contemporary design elements.
18b3d57c-45d4-41c3-88cf-ab4a0610351e,130f1fb9-2ddf-4049-ad0e-9a270f0cb561,Vikram Desai,2025-11-04T14:21:13.160495+00:00,Looking for someone to curate artwork for my new office in Sydney.
5a6cdcaf-c9fe-4cc5-a8d1-4e64d7e58064,6b6dc782-f40c-4224-b5d8-198a9070b097,Thiago Monteiro,2025-07-16T22:22:28.160506+00:00,Can we expedite the delivery of those custom-made items?
e3b379f7-6bbf-4e46-9a01-878dd8b5bd3b,6b6dc782-f40c-4224-b5d8-198a9070b097,Thiago Monteiro,2025-03-15T04:28:35.160518+00:00,Delighted with the efficiency during my stay in Hong Kong last month.
394bd632-5e60-43ba-87c3-07cc0d557c38,cd3a350e-dbd2-408f-afa0-16a072f56d23,Sophia Al-Farsi,2024-12-16T14:03:28.160530+00:00,My assistant's contact number has changed to 647-555-9381.
1fed2d76-6f10-4ce9-8122-ae6083174ec9,130f1fb9-2ddf-4049-ad0e-9a270f0cb561,Vikram Desai,2025-01-04T22:55:02.160544+00:00,Arrange a Gulfstream for a quick trip to Dubai next Friday.
